Name,Description,OriginalMyth,Picture,PictureType,Joy,Trust,Fear,Surprise,Sadness,Disgust,Anger,Anticipation
樱桃鬼,樱桃鬼本体是一棵老樱桃树。会变成全身是蓝色的大鬼，会偷酒喝。如果被人发现就会试图杀死人类。,"熊太史本，僦居京师之半截胡同，与庄编修令舆居相邻，每夜置酒，互相过从。

八月十二日夜，庄具酒饮熊，宾主共坐。忽桐城相公遣人来招庄去，熊知其即归，独酌待之。自斟一杯置几上，未及饮，杯已空矣。初犹疑己之忘之也，又斟一杯伺之。见有巨手蓝色从几下伸出探杯，熊起立，蓝手者亦起立，其人头、目、面、发，无一不蓝。熊大呼，两家奴悉至，烛照，无一物。庄归闻之，戏熊曰：“君敢宿此乎？”熊年少气豪，即命童奴取被枕置榻上而麾童出，独持一剑坐。剑者，大将军年羹尧所赠，平青海血人无算者也。时秋风怒号，斜月冷照，榻施绿纱帐，空明澄澈。街鼓鸣三更，心怯此怪，终不能寐。忽几上铿然掷一酒杯，再铿然掷一酒杯。熊笑曰：“偷酒者来矣。”俄而一腿自东窗进，一目、一耳、一手、半鼻、半口；一腿自西窗进，一目、一耳、一手、半鼻、半口，似将人身当中分锯作两半者，皆作蓝色。俄合为一，ㄦㄦ然怒睨帐中，冷气渐逼，帐忽自开。熊起拔剑砍之，中鬼臂，如着敝絮，了无声响。奔窗逃去，熊追至樱桃树下而灭。

次早，主人起，见窗外有血痕，急来询问，熊告所以。乃斩樱桃树焚之，尚带酒气。窗外有司阍奴，老矣，既聋且瞽，所卧窗榻乃鬼出入经过处，杳无闻见，鼾声如雷。

熊后年登八旬，长子巡抚浙江，次子监司湖南，常笑谓人曰：“余以胆气、福气胜妖，终不如司阍之聋且瞽尤胜妖也。”",,无原图,0.0,0.0,10.0,8.0,0.0,8.0,8.0,0.0
陕州根怪,树根，味道像山蓟，树皮像茯苓。会变成白衣少年与女人结合，女人会生下类似树根的有三个节的东西。,陜州西北白徑嶺上邏村村人田氏，常穿井得一根，大如臂，節中粗，皮若茯苓，氣似術。其家奉釋，有像設數十，遂置於像前。田氏名登娘，年十六七，有容質，父常令供香火焉。經歲餘，女常見一少年出入佛堂中，白衣躡履，女遂私之，精神舉止有異於常矣。其物根每歲至春擢芽，其女有娠，乃以其事白於母。母疑其怪，常有衲僧過門，其家因留之供養。僧將入佛宇，輒為物拒之。一日，女隨母他出，僧入佛堂，門才啟，有鴿一隻，拂僧飛去。其夕，女不復見其怪。視其根，頓成朽蠹。女娠才七月，產物三節，其形如像前根也。田氏並火焚之，其怪亦絕。成式常見道者論枸杞、茯苓、人參、術形有異，服之獲上壽。或不葷血、不色欲遇之，必能降真為地仙矣。田氏五分，見怪而去，宜乎。,,无原图,5.0,3.0,8.0,9.0,0.0,5.0,5.0,7.0
洞冥草,又叫照魅草。会发光，折下枝条点火可以照见鬼物。能食用，服用后身体会发光。垫在脚下后人不会沉进水里。,天汉二年，帝升蒼龍閣，思仙術，召諸方士言遠国遐方之事。唯東方朔下席，操筆跪而進，帝曰：“大夫為朕言乎？”朔曰：“臣遊北極，至鐘火之山，日月所不照，有青龍銜燭火以照。山之四極，亦有園圃池苑，皆植異木異草。有明莖草，夜如金燈，折枝為炬，照見鬼物之形。仙人寧封常服此草，於夜暝時，輒見腹光通外，亦名洞冥草。”帝令剉此草為泥，以塗雲明之館。夜坐此館，不加燈燭。亦名照魅草。採以藉足，履水不沉。,,,8.0,8.0,3.0,6.0,0.0,0.0,0.0,7.0
钩吻/断肠草,一株攀在树上的藤状植物，开黄色小花，叶子会一张一缩。神农吃这个死的。,秦钩肠一名毒根，一名野葛，神农辛，雷公有毒杀人，生南越山，或益州，叶如葛，赤茎大如箭、方、根、黄，或生会稽东冶，正月采。钩吻毒，桂心葱叶沸解之。闽中人呼为吻莽，亦谓之野葛，岭南人谓之胡蔓，俗谓之断肠草，此草人间至毒之物，不入药用，恐本草所出别是一物，非此钩吻也。,,无原图,0.0,0.0,8.0,4.0,8.0,0.0,5.0,2.0
黄雚,咖啡豆。用来洗浴可以治疗疥疮，食用后可以提神驱邪。,有草焉，其名曰黄雚，其状如樗，其叶如麻，白华而赤实，其状如赭，浴之已疥，又可以已胕。,,有原图,7.0,7.0,0.0,6.0,0.0,0.0,0.0,7.0
太岁草,瓦松。长在屋顶上，保佑家人生活幸福平安。,人们看到瓦松生长在屋顶上，因此还将它叫做太岁草。老一辈的人曾经说过，如果房顶上生长出瓦松，能够保佑一家人生活幸福平安，如果自己家的房屋上面冒出了瓦松，千万不要动手去采摘，这是家人的福气，不可随意惊动。,,无原图,9.0,10.0,0.0,7.0,0.0,0.0,0.0,8.0
湘妃竹,尧死后他的两个妻子的眼泪洒在竹子上，成为泪斑。,尧之二女，舜之二妃，曰湘夫人。帝崩，二妃啼，以涕挥竹，竹尽斑。,,无原图,0.0,3.0,8.0,0.0,10.0,0.0,0.0,0.0
百日艾,长在安南，含在口中在山中可以避开猛兽，看透地面，找到珍宝。但过一百天不回，艾会进入喉咙，人会长出毛、尾，变成野兽。在转化过程中，将艾草吐出并服药治疗可恢复人形。,"南方有靈草，艾名而非艾也，山人含之入林，則猛獸辟易，目能洞地中，知沈琦處，但逾百日不歸，則艾入喉，毛尾成而獸矣。

横山下有某者，含一葉入山，迷失道，三月無耗，家人皆卜以异物，一夕忽歸，遽抱其子，婦自外至，見之左臂猶帶沈囊，毛爪生而衣裳裂矣。大驚叱曰：“虎豹之戲，狐狸不可當，矧人乎？若爪利毋殺兒。”某聞置兒，逡廵下堦，引爪霍霍於石，婦乘間負兒，登樓而號。鄉里盡集，擲生熟肉於前，以驗其人獸也。某兩食之，或欲以弓矢從事，衆有阻之者曰：“彼猶財之，惜而兒之戀，且亦人獸半也，人而獸，安知不獸而人乎？可亟療之，勿殺。”遂羣逼而縛之，某挣擺搏噬，居然獸也。衆進益力，始就擒，以物掁其喉，良久艾出，尋藥而入之，半年始復，名義今尚存。

雲史氏曰：“某至家辰則人獸界也，療之而復，衆不猶良師友乎？”或曰：“有不披毛帶角，而行徑居然獸也，可療之乎？”曰：“可掁之以刃。”

《点石斋画报》",,无原图,5.0,8.0,6.0,5.0,0.0,0.0,0.0,8.0
蔷薇祟,蔷薇变成人，让人发狂。,"驻英二等参赞官黄遵宪公度之弟，名遵路，字公望者，嘉应州诸生也。年三十馀，忽发狂疾，医调渐愈。越三年复发，人劝之服药，不应。谓所亲曰：「吾疾岂药所能治耶？自吾始疾，常见一白头翁，又为天神鬼魅之状，多方误我，耳目心口，皆束缚不能自主。此数月来，则宛然一十七八好女也，日就扰我，诚不知何孽？然幸勿语人，恐人疑我生平有遗行也。」又言：此女自道其姓名及像饰，甚悉。有时忽瞋目拊床曰：「幸吾有把鼻，不然者殆矣。」先是，公度从祖家有蔷薇花一株，或见其化为人，而其家有发狂疾者，乃移植于东偏，与公望居相近。而公望又发狂疾，家人疑此花为妖，议芟夷之。光绪十五年五月十七日，日加午，家人潜伐树，掘其根，将弃之野，公望不知也。忽于是时刺刃于腹，大叫倒地，创不甚深，越日而卒。

《庸盦笔记》",,无原图,0.0,0.0,7.0,0.0,0.0,0.0,9.0,0.0
赤苋,变成红衣男子，容貌美丽，魅惑女子。,"晉有士人買得鮮卑女，名懷順，自說其姑女為赤莧所魅，始見一丈夫，容質妍凈，著赤衣，自云家在廁北，女於是恒歌謠自得，每至將夕，輒結束去屋後。其家伺候，唯見有一株赤莧，女手指環挂其莧上，芟之而女號泣，經宿遂死。

《异苑》",,无原图,9.0,6.0,0.0,3.0,6.0,0.0,0.0,8.0
吉芝陀,"鸡角牯，栽一棵桔分出三叉，桔、芝、桃三株果同在一个根上，枝茂叶盛，久年生果不衰。男女上树采果，阴气受阳气，变出一个鬼，取名吉芝陀。

《南游记》中吉芝陀圣母为华光之母。","“哎，鸡角牯，鸡角牯，栽一棵桔分出三叉，一株桔，一株芝，一株桃，三株果同在一个根，枝茂叶盛，久年生果不衰，男女上树采果，阴气受阳气，变出一个鬼，取名吉芝陀。”与金睛百眼鬼被龙树大圣捉走，镇在五雷院。

《福建寿宁四平傀儡戏华光传》

《南游记》

太子连忙走入北极驱邪院，躲去梭婆镜后，华光赶到，不见太子，只有二鬼在。华光向那二鬼，那二鬼被镜镇倒，巴不得华光打破金镜，救他出来，连忙应说：“避开，那太子走来，躲在我梭婆镜后。”华光闻言大怒，丢起金砖，打破梭婆镜，放走那二鬼，一个乃是金睛百眼鬼，一个乃是吉芝陀圣母，各自逃生，走在下界。后在萧家庄吃人。",,无原图,,,,,,,,
蟠桃孩儿,人参，西王母池的蟠桃变化成孩儿的形状。三千岁孩儿的脸色略发青，爪像鹰鹞，开口露出尖牙；五千岁面如满月，穿着绣缨；七千岁的变成乳枣，被猴行者吐出到西川，成为当地的地中人参。,"說由未了，攧下三顆蟠桃入池中去。師甚敬惶。問：「此落者是何物？」答曰：「師不要敬，此是蟠桃正熱，攧下水中也。」師曰：「可去尋取來吃。」猴行者即將金鐶杖向盤石上敲三下，乃見一個孩兒，面帶青色，爪似鷹鷂，開口露牙，從池中出。行者問：『汝年幾多？」孩曰：「三千歲。」行者曰：「我不用你。」又敲五下，見一孩兒，面如滿月，身掛繡纓。行者曰：「汝年多少？」答曰：「五千歲。」行者曰：「不用你。」又敲數下，偶然一孩兒出來。問曰：「你年多少？」答曰：「七千歲。」行者放下金鐶杖，叫取孩兒入手中，問：「和尚，你吃否？」和尚聞語，心敬便走。被行者手中旋數下，孩兒化成一枝乳棗，當時吞入口中。後歸東土唐朝，遂吐出於西川。至今此地中生人參是也。

《大唐三藏取经诗话》",,无原图,3.0,0.0,0.0,8.0,0.0,0.0,0.0,8.0
养神芝/不死草,不死草，用草覆盖死人会复活，食用使人长生，生于祖洲,"祖洲近在東海之中，地方五百里，去西岸七萬里。上有不死之草，草形如菰苗，長三四尺，人已死三日者，以草覆之，皆當時活也，服之令人長生。昔秦始皇大苑中，多枉死者橫道，有鳥如烏狀，銜此草覆死人面，當時起坐而自活也。有司聞奏，始皇遣使者賫草以問北郭鬼谷先生。鬼谷先生云：“此草是東海祖洲上，有不死之草，生瓊田中，或名為养神芝。其葉似菰苗，叢生，一株可活一人。”始皇於是慨然言曰：“可採得否？”乃使使者徐福發童男童女五百人，率攝楼船等入海尋祖洲，遂不返。福，道士也，字君房，後亦得道也。

《海内十洲记》",,有原图,7.0,0.0,0.0,7.0,0.0,0.0,0.0,10.0
涕竹,笋可治疗疮疠；高百丈，围三丈六尺，厚八九寸，可以用来做船,"南方荒中有涕竹，長数百丈，圍三丈六尺，厚八九寸，可以為船。其筍甚美，食之可以止瘡癘。

《神异经》",,无原图,0.0,3.0,0.0,0.0,0.0,0.0,0.0,8.0
水仙树,喝了树心的称为“仙浆”的水会醉七天，如果让人保持树七天没有烂掉，这个人/树？得到五百年的寿命。,"抱楼国地方五千里，生此树，心腹中有水，谓之仙浆，有饮者七日醉。但令人番转过七日免烂，即得寿五百岁。

《物类相感志》",,无原图,3.0,0.0,0.0,0.0,0.0,0.0,0.0,7.0
荀草,苞草，美容，菅似茅，方茎，黄花，赤色果。,"青要之山...有草焉，其状如葌，而方茎黄华赤实，其本如藁本，名曰荀草，服之美人色。

《山海经·中山经》",,有原图,6.0,0.0,0.0,3.0,0.0,0.0,0.0,9.0
龙刍,长在龙川岛，为周穆王养八骏的地方。马吃了能一日千里，化为龙驹。,"东海岛龙川, 穆天子养八骏处也。 岛中有草名龙刍, 马食之, 一日千里。古语云:一株龙刍,化为龙驹。

《述异记》",,无原图,6.0,6.0,0.0,6.0,0.0,0.0,0.0,9.0
华平,并蒂莲，瑞草，王政升平时长出，王者德强就茂盛，弱则低。,"《稽瑞》
孙氏《瑞应图》曰：「华平，瑞草也。其政升平则生，王者德强则仰，弱则低。」《孝经援神契》曰：「王者德至于地则盛。」宋均曰：「华平，应政平也。」孙氏《瑞应图》曰：「王者政令均则生。」《东观汉记》曰：「章和中，有华平生也。」

《太平御览》
《祥瑞图》曰：双莲为苹。
又曰：华苹者，其枝正平，王者德刚则仰，弱则低。
又曰：王者政令均，则华苹生。
《孝比援神契》曰：王者德至於地，则华苹感而生。

《宋书》
华平，其枝正平，王者有德则生。德刚则仰，德弱则低。

",,无原图,10.0,10.0,0.0,8.0,0.0,0.0,0.0,10.0
木连理,祥瑞，一树或两树的枝条互相缠绕，古代认为是王者德泽纯洽，八方合为一的象征。,"《宋书》
木连理，王者德泽纯洽，八方合为一，则生。

《开元占经》
《地鏡》曰：「不失民心，則木連理生。」

《稽瑞》
《春秋运斗枢》曰：「椒桂合生，刚柔阳。」注曰：「椒桂，阳星之精所生。犹连体而生者，椒桂芬芳美物，若文王与吕望，刚柔合计，扬举王功作祥也。」
《宋书·苻瑞注》曰：「文帝元嘉中，有谷栎二树连理。」
《白虎通》曰：「王者德至草木，则木连理。」
孙氏《瑞应图》曰：「王者德化洽八方，合为一家，则木连理。」
又曰：「王者不失民心，则木连理。」",,有原图,10.0,10.0,0.0,8.0,0.0,0.0,0.0,10.0
低头草,长在云南，喂食丈夫、使其驯伏。,"滇中又产低头草，妇女以饵其夫，则驯伏如季常。俗传是草以女子初次经水和水溉之，或和土瘗其根下，即验。街头有唤“卖娘娘药”者，即此。有楚人某宦滇，摄丹沙厅，纳土人女为妾，备受其制。尝朔日行香文庙，毕，将诣武庙，忽头痛心烦，急归署，则其妾咒之使归也。又宝方伯<亨>娶一有夫之妇为妾，亦受制，一切财帛悉归之，闻皆用此法。亦龠閽所言。

《洞灵小志》",,无原图,3.0,7.0,0.0,6.0,0.0,0.0,0.0,8.0
杉魅,古杉树，夜间作怪变成怪物样子惊吓旅客。,"有董观者，尝为僧，居于太原佛寺。太和七年夏，与其表弟王生南游荆楚。后将入长安，道至商于。一夕，舍山馆中。王生既寐，观独未寝。忽见一物出烛下，既而掩其烛，状类人手，而无指。细视，烛影外若有物。观急呼王生，生起，其手遂去。观谓王曰：「慎无寝。魅当再来。」因持挺而坐伺之。良久，王生曰：「魅安在兄妄矣。」既就寝。顷之，有一物长五尺馀，蔽烛而立，无手及面目。观益恐，又呼王生。生怒，不起。观因以挺椹其首，其躯若草所穿，挺亦随入其中，而力取不可得。俄乃退去。观虑又来，迨晓不敢寝。明日，访馆吏，吏曰：「此西数里有古杉，常为魅，疑即所见也。」即与观及王生迳寻，果见古杉，有挺贯其柯叶间。吏曰：「人言此为妖且久，未尝见其真，今则信矣。」急取斧，尽伐去之。

《宣室志》",,无原图,0.0,0.0,9.0,0.0,0.0,3.0,5.0,0.0
瓜龙,瓜长成龙,"询之，知南园卖菜傭某姓，家素业场圃,墙外隙地数弓，岁种南瓜。今忽有一种，枝叶变作龙形。余大奇,薄往观之，见环而集者各纷纷耳语。余从人丛中挤入，果见有一瓜龙在畦径，其藤蔓延丈余，直过隔畦，数之得十七茎。.上遍生细叶，宛如鳞甲;四足则别生四小径，长尺有奇。茎头缀以细叶，似爪;而尾上则蓬松数叶，相为比连，且隐隐起楞，头上蓓蕾愈粗大，拟于臂，茎尽处易圆而扁，上与下劈分为两。另有一小叶生于劈破涡处作舌，更有小瓜十余枚排于口角两边，似齿上下皆有颏。颏下及，上生细叶,与须无少异;其眼则生两小瓜，鼻亦如之，复生两茎于额两边，茎头无叶而尖形如角，最可奇者去龙身四五尺余，一枝蓓蕾矗起，上结一瓜，圆大如碗，作微红色。或日:“是即龙珠也。余不胜惊诧，神工鬼斧何竟如斯之奇哉!或谓下是龙眠穴，气久积而必泄，故成此形;或谓当世人情颠倒，天故生此瓜为草木之妖;或谓仙人经过，戏而为此。

《浇愁集》",,有原图,3.0,0.0,0.0,10.0,0.0,0.0,0.0,0.0
摇钱树,传说中的一种宝树，摇摇它就会落下金钱来。现在多比喻藉以生财的人或物。有人把金钱、贵重物品挂在植物上，称为摇钱树。相似有聚宝盆。,《三国志·魏书·邴原传》裴松之注引《原别传》的一段文字：　　原尝行而得遗钱，拾以系树枝，此钱既不见取，而系钱者愈多。问其故，答者谓之神树。原恶其由己而成淫祀，乃辨之，于是里中遂敛其钱以为社供。,,有原图,7.0,5.0,0.0,7.0,0.0,0.0,0.0,10.0
篩,长在海上的像大麦一样的草,"《博物志》
海上有草焉，名篩。其實食之如大麥，七月稔熟，名曰自然穀，或曰禹餘糧。〈篩音師。〉",,无原图,,,,,,,,
竹杠鬼,山中竹林有鬼，叫竹杠鬼，半夜在竹林中敲竹子，想要赶走他，就要敲其他东西，敲的比他更响。敲竹鬼是一种专害上山砍竹、砍柴者的恐怖山鬼，传说是老竹成鬼。村民上山砍竹时会听到不远处有砍竹声，没有及时逃脱会被鬼砍死，据说砍竹鬼附身在又大又红的竹子上，砍掉就消失了。,,,无原图,0.0,0.0,10.0,0.0,2.0,0.0,0.0,0.0
白耳精,"代国公郭元振曾在山中居住,在午夜时有一像盘子大小的人面忽然出现在灯下.代国公丝毫没有,慢慢地用笔蘸上墨在其面颊上写上:'久戍人偏老,长征马不肥.'这是代国公用来提醒自己的警句.在题完诗后,又吟诵了一遍后,这一马上就消失了.几天后,代国公随同樵夫在山中散步,发现一颗大树上有一白木耳,它的大小有几个米斗那样大,而代国公所提的诗句就在木耳上.","《酉阳杂俎》
郭代公尝山居，中夜有人面如盘，瞚目出于灯下。公了无惧色，徐染翰题其颊曰：“久戍人偏老，长征马不肥。”公之警句也。题毕吟之，其物遂灭。数日，公随樵闲步，见巨木上有白耳，大如数斗，所题句在焉。",,无原图,0.0,0.0,2.0,7.0,0.0,0.0,0.0,0.0
杜衡,一种很臭但是马吃了跑得快的花,"《山海经·西山经》
有草焉，其状如葵，其臭如蘼芜，名曰杜衡，可以走马，食之已瘿。
郭璞 注 带之令人便马；或曰，马得之而健走。",,有原图,5.0,5.0,0.0,5.0,0.0,0.0,0.0,10.0
榆木精,吕申公在蜀中做官，官舍有一鬼，叫俞老姑，是榆木精，像一老鬼妇，在厨房和婢女混在一起，有时会见到，家人久了不觉得怪，吕申公问她，回答说我在这这么久虽然不是人，也不作乱。公便不管她，一直和公说以后会大富大贵，一天，突然怀孕，后来一个多月不见，再出来说已经生了，后园榆木西南的大瘤子就是了。,"《湖海新闻夷坚续志》
吕申公夷简常通判蜀中，忘其郡名。廨宇中素有鬼物，号俞老姑，乃榆木精，其状一老鬼妇，常出厨间与群婢为偶，或时见之。家人见之久，亦不为怪。公呼问之，即下阶拜云：“妾在于堂府日久，虽非人，然不敢为祸。”公亦置而不问。常谓公他日必大贵。一日忽怀妊，群婢戏之。自言非久当产，遂月馀不见。忽出云：“已产矣，请视之，后园榆木西南生大赘乃是。”视之，果然。",,无原图,0.0,10.0,2.0,2.0,0.0,0.0,0.0,0.0
小水人/芭蕉精,"芭蕉成精。

安成的彭元功在山中建庵，让一个仆人守着，一天晚上，有妇人来求投宿，自称叫小水人，仆人不肯，但妇人还是进了仆人卧室，不肯走，仆人推她，妇人说：“只见船靠了岸，不见岸停了船，为何这样无情呢”便靠近奴仆，解开下身裙子，仆人觉得是妖怪，就分开床榻睡了，夜里女子又上了仆人的床，仆人把她举起抛开，轻如叶子，仆人害怕，取出佛经拿着，妇人笑：“经虽然是佛说的，佛又怎么在经里，你说我真得怕经吗”天快亮了，庵里的有神钟，起来撞钟，妇人说：“不要打，不要打，打得人心碎”取头上的梳子梳头完，便走了，仆人出门看，妇人进入松林不见了。仆人回来，看墙上有五言诗，想妇人是芭蕉精。诗为，妾住小水边，君住青山下。青年不可再，白石坐成夜。只见船泊岸，不见岸泊船。岂能深谷里，风雨误芳年。薄情君抛弃，咫尺万里远。一夜月空明，芭蕉心不展。解下绿罗裙，无情对有情。那知妾身重，只道妾身轻。经从佛口出，佛不在经里。即在妾心头，妾身隔万里。月色照罗衣，永夜不能寐。莫打五更锺，打得人心碎。","《湖海新闻夷坚续志》
安成彭元功筑庵山中，使一奴守之。一日暮时，有妇人求宿，自称土名小水人，奴固把之不得，妇人径入奴卧室中，不肯去。奴推之，妇人云：“只见船泊岸，不见岸泊船，何无情如此？”因近奴身，自解下裙。奴以为怪物，遂与相榻而寝。夜中又登奴榻，奴举而掷之，轻如一叶。奴惧，起取佛经执之。妇人笑云：“经虽从佛口出，佛岂真在经！汝谓我诚畏经耶？”天将明，庵有神锺，起击之，妇人云：“莫打！莫打！打得人心碎。”取头上牙梳掠头毕，遂去。奴趁出门观所向，入松林间，因忽不见。盖林中芭蕉丛生故也。奴归，见壁有五言诗，意妇人芭蕉精也。诗云：“妾住小水边，君住青山下。青年不可再，白石坐成夜。只见船泊岸，不见岸泊船。岂能深谷里，风雨误芳年。薄情君抛弃，咫尺万里远。一夜月空明，芭蕉心不展。解下绿罗裙，无情对有情。那知妾身重，只道妾身轻。经从佛口出，佛不在经里。即在妾心头，妾身隔万里。月色照罗衣，永夜不能寐。莫打五更锺，打得人心碎。”",,有原图,0.0,2.0,7.0,2.0,0.0,0.0,0.0,0.0
屈轶,一种生长在皇宫庭院里的吉祥草，能指认出小偷，小偷于是不敢进入。,"《云笈七签》时有瑞草生帝庭，名屈轶，佞人入则指之，是以佞人不敢进。
《博物志》
堯時有屈佚草，生於庭，佞人入朝，則屈而指之。一名指佞草。",,有原图,2.0,10.0,2.0,7.0,0.0,0.0,0.0,7.0
火树,东南的山上的一棵树，日出时上面会有天鸡叫，于是天下的鸡都随之鸣叫。,"《玄中記》
東南有桃都山，上有火樹，名曰：「桃都枝」，相去三十里。上有天雞。日初出照此木，天雞即鳴，天下雞皆隨之鳴。",,无原图,2.0,0.0,0.0,7.0,0.0,0.0,0.0,7.0
垄种羊,"古代传说产于 拂菻国 (指 东罗马帝国 及其所属 西亚 、 地中海 沿岸一带)的一种羊。

用羊的脐带或胫骨或皮肉种在土中，听到雷声就长出来，等到大了，吓这种植物，脐带断了便能行走，吃草，到了秋天就可以吃。","刘郁 《西使记》
壠种羊出 西海 ，以羊脐种土中，溉以水，闻雷而生，脐系地中，及长，惊以木，脐断便行，囓草，至秋可食，脐内復有种。",,有原图,2.0,7.0,0.0,5.0,0.0,0.0,0.0,10.0
人形参,能听到地里的小孩啼哭声，挖出来有一个人形的人参，吃了瞬间飞天,"《坚瓠集》
隋时上党某宅后。夜有呼声。索之不见。去家里许。得人参一株。根如人形。掘之。其声遂绝。或以为瑞。或为草妖。栗佥宪应麟曰。春秋运。斗枢摇光。散为人参。图经云。参如人形。阳道皆具。能作儿啼。则有形有声。亦参之常。不可为妖。亦不得为瑞。故老言得参如人形者。食之顷刻飞升。但不易得耳。",,无原图,0.0,0.0,0.0,8.0,0.0,0.0,0.0,2.0
柳树精,龙泉县学每晚明伦堂上鼓无故自鸣，让人偷看，见一人长丈余，用手击鼓，俞龙张弓射它，长人狂奔跑走，第二夜安静了。后两月，起了大风，吹飞一株柳树，锯了发现里面有箭，知道是怪。,"《子不语》
杭州周起昆作龙泉县学教谕，每夜，明伦堂上鼓无故自鸣。遣人伺之，见一人长丈余，以手击鼓。门斗俞龙素有胆，暗张弓射之，长人狂奔而去。次夜寂然。后两月，学门外起大风，拔巨柳一株。周命锯之为薪，中有箭横贯树腹，方知击鼓者此怪也。龙泉素无科目，是年中一陈姓者。",,无原图,0.0,0.0,1.0,0.0,0.0,8.0,5.0,0.0
阿措,风很大，但是院子里的繁花不动，各位女伴姓杨，姓李，都是植物名字，并且衣服颜色和花的颜色也能对应上，原来是花的精。,"《酉阳杂俎续集·支诺皋下》
天寶中，處士崔玄微洛東有宅，耽道，餌術及茯苓三十載。因藥盡，領童仆輩入嵩山采芝，一年方回，宅中無人，蒿萊滿院。時春季夜間，風清月朗，不睡，獨處一院，家人無故輒不到。三更後，有一青衣云：「君在院中也，今欲與一兩女伴，過至上東門表姨處，暫借此歇，可乎？」玄微許之。須臾，乃有十餘人，青衣引入。有綠裳者前曰：「某姓楊氏。」指一人曰：「李氏」。又一人曰：「陶氏。」又指一緋衣小女曰：「姓石，名阿措。」各有侍女輩。玄微相見畢，乃坐於月下。問行出之由，對曰：「欲到封十八姨。數日雲欲來相看不得，今夕眾往看之。」坐未定，門外報封家姨來也，坐皆驚喜出迎。楊氏云：「主人甚賢，只此從容不惡，諸處亦未勝於此也。」玄微又出見封氏，言詞泠泠，有林下風氣。遂揖入坐，色皆殊絕，滿座芬芳，馥馥襲人。命酒，各歌以送之，玄微誌其一二焉。有紅裳人與白衣送酒，歌曰：「皎潔玉顏勝白雪，況乃青年對芳月。沉吟不敢怨春風，自嘆容華暗消歇。」又白衣人送酒，歌曰：「絳衣披拂露盈盈，淡染胭脂一朵輕。自恨紅顏留不住，莫怨春風道薄情。」至十八姨持盞，情頗輕佻，翻酒汙阿措衣，阿措作色曰：「諸人即奉求，余不奉畏也。」拂衣而起。十八姨曰：「小女弄酒。」皆起至門外別，十八姨南去，諸人西入苑中而別。玄微亦不至異。明夜又來，欲往十八姨處。阿措怒曰：「何用更去封嫗舍，有事只求處士，不知可乎？」諸女皆曰：「可。」阿措來言曰：「諸女伴皆住苑中，每歲多被惡風所撓，居止不安，常求十八姨相庇。昨阿措不能依回，應難取力。處士倘不阻見庇，亦有微報耳。」玄微曰：「某有何力得及諸女？」阿措曰：「但求處士每歲歲日與作一朱幡，上圖日月五星之文，於苑東立之，則免難矣。今歲已過，但請至此月二十一日平旦，微有東風，即立之，庶可免也。」玄微許之，乃齊聲謝曰：「不敢忘德。」各拜而去。玄微於月中隨而送之，逾苑墻乃入苑中，各失所在。乃依其言，至此日立幡。是日東風振地，自洛南折樹飛沙，而苑中繁花不動。玄微乃悟諸女曰姓楊、姓李及顏色衣服之異，皆眾花之精也。緋衣名阿措，即安石榴也。封十八姨，乃風神也。後數夜，楊氏輩復至愧謝，各裹桃李花數斗，勸崔生：「服之，可延年卻老。願長如此住護衛，某等亦可至長生。」至元和初，玄微猶在，可稱年三十許人。",,无原图,2.0,2.0,0.0,10.0,2.0,0.0,0.0,0.0
离地草,一种离地的草，人踩上去可以飞，去来自由。,"《坚瓠集》
记事珠。载兔床国。有离地草。人以藉足。不步而行。达磨见梁武。去来自由。以有此草也。其叶如芦。故传踏芦渡江。",,无原图,7.0,7.0,0.0,10.0,0.0,0.0,0.0,0.0
楠木神/楠将军,洞庭湖中的楠木精，不知何时沉入湖底，在阴雨天时浮出水面，让湖面掀起波澜，撞击行船，人们害怕它将它供成神。相传为龙首毛身，绿色。或称为楠将军。,"《坚瓠集》
黄郡侯卢某。尝行江中。会颠风起。舟师危之。频呼楠木大王。卢问故。对曰。此地有楠木精。徃往鼓弄风波。破舟损命。卢归。撰文牒报水府。略曰。象穷魍魉。转深铸鼎之思。诚格神明。欲下燃犀之照。惟川灵之失纲。故令尾大者不掉。彼风师亦助虐。其与首恶者何殊。仍期三日以木来。屈期。命驾诣江上。大集人夫縳木。众皆匿笑。不逾时忽一木白樊口昻首奔至。卢命缚之登岸。时正戢郡学。曰。吾不能作旌阳锁尔铁树。且用尔作明伦堂柱。万暦丙辰。学宫灾。儿童口语。犹有楠木大王之称云。",,有原图,0.0,0.0,10.0,0.0,0.0,7.0,7.0,0.0
曹洪天眼精,披头散发一只脚，像女子，在山谷中，见人多笑着举起脚，乘着风飞起来，擅长夺人性命，是千年枯柏的妖精。,"《太清金阙玉华仙书八极神章三皇内秘文》
一名曹洪天眼精，散髮一足，若女子之形，以游山谷，见人多笑举足，乘风能飞，吐气变化，善能喫生人之命，此是天怪，本乃万年枯柏之精也。",,无原图,,,,,,,,
朱眉魂,像恶鬼，两头一身，马足虎手，裸体，长数丈，假装说是神人、土地，人不知道它底细去供奉，日久就死了，是老树精。,"《太清金阙玉华仙书八极神章三皇内秘文》
一名朱眉魂，状如恶鬼之形，两首一身，马足虎手，赤体无衣，长数丈餘，多诈称神人，又狂為土地，人不知其根者，以香火供养，积日之久，无不贼人之命矣。其精本出於年深者树之精也。",,无原图,,,,,,,,
黄祖,庐江龙舒县陆亭流水边，有一大树，高数十丈，常有黄鸟在上面筑巢。长老说：“这树有黄气，可能有神灵，可以祈雨”寡妇李宪半夜起来，看到室内有一妇人，穿着绣花衣，自称：“我是树神黄祖，能兴云雨，你性洁，助你生计。明天父老都想祈雨，我已经祈求天帝，明天中午大雨”到了那天果然下雨，李宪说：“各位在这里，我住得靠近水，应当献上鲤鱼”就有数十头鲤鱼飞到堂下，在座的都惊了。这样过了几年，神说：“将有战事，我该走了”留下玉环说：“拿着这个可以避难”后来刘表袁术对战，龙舒人都走了，只有宪里没有被打。,"《搜神记》
庐江龙舒县陆亭流水边，有一大树，高数十丈，常有黄鸟数千枚巢其上，时久旱，长老共相谓曰：“彼树常有黄气，或有神灵，可以祈雨。”因以酒脯往亭中。有寡妇李宪者，夜起，室中忽见一妇人，着绣衣，自称曰：“我，树神黄祖也。能兴云雨，以汝性洁，佐汝为生。朝来父老皆欲祈雨，吾已求之于帝，明日日中，大雨。”至期，果雨。遂为立祠。宪曰：“诸卿在此，吾居近水，当致少鲤鱼。”言讫，有鲤鱼数十头，飞集堂下，坐者莫不惊悚。如此岁余，神曰：“将有大兵，今辞汝去。”留一玉环曰：“持此可以避难。”后刘表、袁术相攻，龙舒之民皆徙去，唯宪里不被兵。",,有原图,10.0,5.0,0.0,5.0,0.0,0.0,0.0,10.0
女树,果实如婴儿,"《笔麈·海中银山》
海中有银山，生树，名女树，天明时皆生婴儿，日出能行，至食时皆成少年，日中壮盛，日昃衰老，日没死，日出复然。",,无原图,,,,,,,,
青羊,千岁之树的精,"《玄中记》
千歲之樹精為青羊。",,无原图,,,,,,,,
神蓬,高十丈的像蒿一样的草，北周任命其为宫殿柱子,"《拾遗记》
條陽山出神蓬，如蒿，長十丈。周初，國人獻之，周以為宮柱，所謂「蒿宮」也。",,无原图,2.0,10.0,0.0,2.0,0.0,0.0,0.0,5.0
花魄,花之精，另有写作花魂。如美女，长五寸，声如鹦鹉，裸体无毛，洁白，眉间愁苦。是树有三次人吊死的冤气所化。,"《子不语》
婺源士人谢某，读书张公山。早起，闻树林鸟声啁啾，有似鹦哥。因近视之，乃一美女，长五寸许，赤身无毛，通体洁白如玉，眉目间有愁苦之状。遂携以归，女无惧色。乃畜笼中，以饭喂之。向人絮语，了不可辨。畜数日，为太阳所照，竟成枯腊而死。
洪孝廉字麟闻之曰：“此名花魄，凡树经三次人缢死者，其冤苦之气结成此物，沃以水，犹可活也。”试之果然。里人聚观者，如云而至。谢恐招摇，乃仍送之树上。须臾间，一大怪鸟衔之飞去。",,无原图,0.0,0.0,2.0,0.0,10.0,0.0,0.0,0.0
影木,瓜一样大的树，群仙避雨，有金色光环，直上云霄,"《拾遗记》
有樹名影木，日中視之如列星，萬岁一实，实如瓜，青皮黑瓤，食之骨輕。上如華盖，群仙以避風雨。有金峦之覌，飾以眾环，直上干云。",,无原图,0.0,7.0,0.0,5.0,0.0,0.0,0.0,7.0
白槎神,,"《湘中记》
衡山白槎庙。古老相传：昔有神槎，皎然白色，祷之无不应。晋孙盛临郡，不信鬼神，乃伐之，斧下流血。其夜波流神槎逆水而上，但闻鼓角之声，不知所止。",,无原图,,,,,,,,
卖油人,藏在大槐树下的卖油翁,"《酉阳杂俎》
京宣平坊，有官人夜归。入曲，有卖油者张帽驮桶，不避道。导者搏之，头随而落，遂遽入一大宅门。官人异之，随入至一大槐树下，遂灭。因告其家。其家即掘之。深数尺，并树枯根，下有大蛤蟆如叠。挟二笔錔。树溜津满其中也。及有巨白菌如殿门浮沤钉。其盖已落。蛤蟆乃驴也，笔錔乃油桶也，菌则其人矣。里人有买其油者月余，怪其油好而贱。及怪发，食者悉病呕。",,有原图,0.0,0.0,0.0,2.0,0.0,7.0,7.0,0.0
人面树/人木,大食国西南两千里，有树长人头，只是笑。,"《酉阳杂俎》
人木，大食西南二千里有國，山谷間樹枝上化生人首，如花，不解語。人借問，笑而已，頻笑輒落。",,有原图,5.0,0.0,0.0,7.0,0.0,0.0,0.0,0.0
地日草,,"《酉阳杂俎》
地日草，南方有地日草。三足鳥欲下食此草，羲和之馭，以手掩烏目，食此則美悶不復動。東方朔言，爲小兒時，井陷，墜至地下，數十年無所寄托。有人引之，令往此草中，隔紅泉不得渡，其人以一只屐，因乘泛紅泉，得至草處食之。",,无原图,,,,,,,,
离仑,鲸头鹳,"《山海经·西山经》
北望諸毗，槐鬼離侖居之，鷹鸇之所宅也。",,无原图,0.0,0.0,0.0,2.0,0.0,0.0,0.0,0.0
祝馀,祝馀是中国神话里的一种植物，样子像韭菜，花是青色，吃了会不饿。,"《山海经·南山经》
临于西海之上，多桂，多金玉。有草焉，其状如韭而青华，其名曰祝馀，食之不饥。",,有原图,2.0,7.0,0.0,0.0,0.0,0.0,0.0,10.0
建木,传说建木是沟通天地人神的桥梁。伏羲、黄帝等众帝都是通过这一神圣的梯子上下往来于人间天庭。在广汉三星堆中出土的青铜神树上，有枝叶、花卉、果实、飞禽、走兽、悬龙、神铃等，专家认为，这种神树的原型，有可能就是建木。后“建木”在诗歌中用来泛指高大的树木。,"《山海经·海内经》
有九丘，以水絡之，名曰陶唐之丘、叔得之丘、孟盈之丘、昆吾之丘、黑白之丘、赤望之丘、參衛之丘、武夫之丘、神民之丘。有木，青葉紫莖，玄華黄實，名曰建木，百仭無枝，上有九欘，下有九枸，其實如麻，其葉如芒。大皥爰過，黄帝所為。
《山海经·海内南经》
有木，其狀如牛，引之有皮，若纓、黃蛇。其葉如羅，其實如欒，其木如蓲，其名曰建木。在窫窳西弱水上。",,无原图,3.0,5.0,0.0,3.0,0.0,0.0,0.0,10.0
贯月查,传说尧时西海中的发光的浮木。借指舟楫。,"《拾遗记》
有巨查浮於西海，查上有光，夜明昼滅。海人望其光，乍大乍小，若星月之出入矣。查常浮繞四海，十二年一周天，周而復始，名曰貫月查，亦謂掛星查，羽人棲息其上。群仙含露以漱，日月之光則如冥矣。虞、夏之季，不復記其出沒。遊海之人，犹傳其神偉也。",,无原图,0.0,0.0,2.0,2.0,0.0,0.0,0.0,0.0
三株树,生下了红色的水面上，树如柏，叶都是珍珠。另一种说法认为他是像树彗星。,"《山海经·海外南经》
三株樹在厭火北，生赤水上，其為樹如柏，葉皆為珠。一曰其為樹若彗。",,无原图,0.0,0.0,0.0,5.0,0.0,0.0,0.0,0.0
冥灵,神话中的树木名，出自《庄子·逍遥游》。一种大树名，一说为大龟名。,"《列子·汤问》
荊之南有冥靈者，以五百歲為春，五百歲為秋。上古有大椿者，以八千歲為春，八千歲為秋。
《庄子·逍遥游》
楚之南有冥靈者，以五百歲為春，五百歲為秋；上古有大椿者，以八千歲為春，八千歲為秋。
《經典釋文．卷二六》
冥靈，木名也。江南生，以葉生為春，葉落為秋；此木以二千歲為一年。",,无原图,,,,,,,,
杏女,这是一个温柔的精怪，它平时会以一个柔媚女子的样子出现，但它的本体是一个旧院子里一棵老杏树。如果有粗俗的人，平庸的人和富贵的人住进院子里，它就会避开这些人类。但是如果有有才华却不得志的男子进入它本体所在的院子的话，它就会在晚上出来给那个男子侍寝。,"《阅微草堂笔记》
沧州潘班，善书画，自称黄叶道人。尝宿友人斋中，闻壁间小语曰：君今夕无留人共寝，当出就君。班大骇移出。友人曰：室旧有此怪，一婉娈女子，不为害也。后友人私语所亲曰：潘君其终困青衿乎？此怪非鬼非狐，不审何物，遇粗俗人不出，遇富贵人亦不出，惟遇才士之沦落者，始一出荐枕耳。后潘果坎壈以终。越十余年，忽夜闻斋中啜泣声。次日，大风折一老杏树，其怪乃绝。外祖张雪峰先生尝戏曰：此怪大佳，其意识在绮罗人上。",,无原图,0.0,10.0,0.0,0.0,0.0,0.0,0.0,5.0
段氏子,这是一个会牺牲自己成就他人的精怪，它平时会以一个穿着短褐的老头的现象出现。它之所以叫段氏子，则是因为它的本体是生活在椴树下一棵一尺长的长得像人的人参。吃了段氏子的本体的人类会变得十分聪慧，曾经有个段氏子被一个愚呆的书生所感动，自动现身指导书生找到它的本体，然后献身给书生吃掉来让书生变得十分聪慧。,"《宣室志》
 
天宝中，有赵生者，其先以文学显。生兄弟数人，俱以进士明经入仕。独生性鲁钝，虽读书，然不能分句详义。由是年壮尚不得为郡贡。常与兄弟友生会宴，盈座朱绿相接，独生白衣，甚为不乐。及酒酣，或靳之，生益惭且怒。后一日，弃其家遁去，隐晋阳山，葺茅为舍。
生有书百余编，笈而至山中，昼习夜息，虽寒热切肌（“肌”原作“饥”。据明抄本、陈校本改），食粟袭紵，不惮劳苦。而生蒙懵，力愈勤而功愈少。生愈恚怒。终不易其志。后旬余，有翁衣褐来造之，因谓生曰：“吾子居深山中，读古人书，岂有志于禄仕乎？虽然，学愈久而卒不能分句详议，何蔽滞之甚邪！”生谢曰：“仆不敏，自度老且无用，故入深山，读书自悦。虽不能达其精微，然必欲死于志业，不辱先人。又何及于禄仕也？”
翁曰：“吾子之志甚坚。老夫虽无术能有补于郎君，但幸一谒我耳。”因徵其所止。翁曰：“吾段氏子，家于山西大木之下。”言讫，忽亡所见。生怪之，以为妖。
遂径往山西寻其迹，果有段树蕃茂。生曰：“岂非段氏子乎？”因持锸发其下，得人参长尺余，甚肖所遇翁之貌。生曰：“吾闻人参能为怪者，可愈疾。”遂瀹而食之。自是醒然明悟，目所览书，尽能穷奥。后岁余，以明经及第。历官数任而卒。",,无原图,2.0,5.0,0.0,0.0,0.0,0.0,0.0,10.0
蓂荚,"古代传说中的一种瑞草。

每月从初一至十五，每日结一荚；从十六至月终，每日落一荚。所以从荚数多少，可以知道是何日。一名历荚。","《竹书纪年·帝尧陶唐氏》
又有草夹阶而生，月朔始生一荚，月半而生十五荚，十六日以后，日落一荚，及晦而尽，月小则一荚焦而不落，名曰『蓂荚』，一曰『历荚』。
《帝王世纪》
尧时有草夹阶而生，每月朔生一荚，厌而不落，月半则生十五荚。自十六日起，一荚落，至月晦而尽。月小则余一荚，厌而不落。",,有原图,2.0,10.0,0.0,0.0,0.0,0.0,0.0,0.0
肉芝,"《抱朴子》记载状如小人乘车马，长七八寸。属于太岁，更像灵芝，被神化/妖化的形象。

《瑞应图》中猕猴万岁头上生角，头上有八个字，叫做肉芝。","《抱朴子》
肉芝者，谓万岁蟾蜍，头上有角，颔下有丹书八字再重，以五月五日日中时取之，阴乾百日，以其左足画地，即为流水，带其左手於身，辟五兵，若敌人射己者，弓弩矢皆反还自向也。
行山中，见小人乘车马，长七八寸者，肉芝也，捉取服之即仙矣。
《坚瓠集》
长洲漕河之濵。有农妇治田。见湖滩一物。白如雪。趋视之。乃一小儿手。连臂约长丈馀。惊走报其夫。夫徃看。怪而揠之。根不可穷。乃折而弃之湖。尝读神仙感遇传曰。兰陵萧静之。掘地得物类人手。肥润而红。烹而食之。逾月发再生。力壮貌少。值道士顾静之曰。神气如此。必尝仙药。指其脉曰。所食者。必肉芝也。寿等龟鹤矣。",,有原图,0.0,0.0,0.0,2.0,0.0,0.0,0.0,0.0
枫子鬼,"枫鬼

枫木老者化为人形。","《本草纲目·木一·枫香脂》
枫子鬼，乃欇木上寄生枝，高三四尺，天旱以泥涂之，即雨也。
唐 司空曙 《送流人》
山村枫子鬼，江庙石郎神。",,无原图,0.0,0.0,3.0,0.0,0.0,7.0,0.0,0.0
青牛,传说是千年木精所变之牛，秦文公时大梓树，砍断后青牛出入沣水。,"《述异记》
千年木精為青牛。
《太平御览》卷九百引《嵩高记》
山有大松，或千岁，其精变为青牛。",,无原图,,,,,,,,
孩儿树,与人面树相似,"《述异记》
大食王國在西海中，有一方石，石上多樹，榦赤葉青，枝上總生小兒，長六七寸，見人皆笑，動其手足，頭著樹枝，使摘一枝，小兒便死。
《北户录》
又，《会要》云：大食国西邻大海，尝遣人乘船，经八年未极西岸，中有一方石，石上有树干，赤叶青树，生小儿，长六七寸，见人皆笑，动其手脚，凥着树枝。其使摘取一枝，小儿死也。",,无原图,,,,,,,,
返魂树,可以制取返生香。,"《述异记》
聚窟洲有返魂樹，伐其根心於玉釜中，煮取汁，又熬之令可，丸名曰驚精香，或名震靈丸，或名反生香，或名卻死香，死尸在地聞氣即活。
《太平御览》卷九五二引《十洲记》
聚窟洲中，申未地上，有大树，与枫木相似，而华叶香闻数百里，名为返魂树。於玉釜中煮取汁，如黑粘，名之为返生香。香气闻数百里，死尸在地，闻气乃活。",,无原图,2.0,5.0,0.0,0.0,0.0,0.0,0.0,10.0
怀梦草,神话传说中的异草，据传怀之可以梦见自己想梦见的人。,《洞冥记》：有夢草，似蒲，色紅。晝縮入地，夜則出，亦名懷莫。懷其葉，則知夢之吉凶，立驗也。帝思李夫人之容，不可得，朔乃獻一枝，帝懷之，夜果夢夫人。因改曰懷夢草。,,有原图,0.0,5.0,0.0,0.0,0.0,0.0,0.0,10.0
如何,,"《神异经》
南方大荒，有树焉，名曰‘如何’。三百岁作花，九百岁作实。花色朱，其实正黄。高五十丈，敷张如盖。叶长一丈，广二尺余，似菅苎，色青。厚五分。可以絮，如厚朴。材理如支。九子，味如饴。实有核，形如枣。子长五尺，围如长。金刀割之则酸，芦刀剖之则辛。食之者地仙，不畏水火，不畏白刃。",,无原图,,,,,,,,
青桐怪,青桐树皮化成的鬼怪，长六尺，黑衣青面，瞪着眼，巨嘴，喜欢夜晚绕着寺庙呼唤僧人。,"《酉阳杂俎》
临濑<一作湍>西北有寺，寺僧智通，常持《法华经》入禅。每晏坐，必求寒林静境，殆非人所至。经数年，忽夜有人环其院呼智通，至晓声方息。历三夜，声侵户，智通不耐，应曰：「汝呼我何事？可人来言也。」有物长六尺馀，皂衣青面，张目巨吻，见僧初亦合手。智通熟视良久，谓曰：「尔寒乎？就是向火。」物亦就坐，智通但念经。至五更，物为火所醉，因闭目开口，据炉而鼾。智通睹之，乃以香匙举灰火置其口中。物大呼起走，至阃若蹶声。其寺背山，智通及明视蹶处，得木皮一片。登山寻之，数里，见大青桐，树稍已童矣，其下凹根若新缺然。僧以木皮附之，合无踪隙。其半有薪者创成一蹬，深六寸馀，盖魅之口，灰火满其中，火犹荧荧。智通以焚之，其怪自绝。",,无原图,0.0,0.0,9.0,6.0,0.0,0.0,3.0,0.0
迷穀,花发光，带上它的果实或叶子不会迷路。生于招摇之山，像构树，有黑色的纹理。,"《山海经》南山经
有木焉，其狀如榖而黑理，【〈榖,楮也，皮作紙。璨曰：榖亦名構。名榖者以其實如榖也〉】其華四照，【〈言有光燄也。若木、華赤其光照地，亦此類也。見《離騷經》〉】其名曰迷穀，佩之不迷。",,无原图,0.0,9.0,0.0,0.0,0.0,0.0,0.0,0.0
共枕树,潘章与王仲相爱，同床共枕，死后合葬在罗浮山，冢上生出一棵枝叶相抱的树。,"《太平广记》

潘章少有美容仪，时人竞慕之。楚国王仲先，闻其美名，故来求为友，章许之。因愿同学，一见相爱，情若夫妇，便同衾共枕，交好无已。后同死，而家人哀之，因合葬于罗浮山。冢上忽生一树，柯条枝叶，无不相抱。时人异之，号为共枕树",,无原图,6.0,5.0,0.0,0.0,0.0,0.0,0.0,3.0
箑脯,祥瑞。尧的厨房中自己长出的肉脯，像大羽扇，鼓动生风，让食物变凉不会腐败。,"《初学记》
皇甫谧《帝王世纪》曰：尧厨中自生肉脯，其薄如翣形。摇鼓则生风，使食物寒，而不臭。名曰翣脯。《韩诗外传》曰：昔舜甑盆无膻，而工不以巧获罪。

《夜航船》
尧时厨中自生肉脯，薄如翣形，摇鼓则生风，使食物寒而不臰。

《宋书》
「萐莆，一名倚扇，狀如蓬，大枝葉小，根根如絲，轉而成風，殺蠅。堯時生於廚。」也作「萐脯」、「箑脯」。

《稽瑞》
《白虎通》曰：「萐莆者树名也。其状如蓬枝，多根如丝。叶如扇，不摇自动，转而生风。至于饮食清凉，驱杀虫蝇，以助供养也。一名倚萐一名倚扇，一名实宾榈。",,无原图,0.0,6.0,0.0,0.0,0.0,0.0,0.0,6.0
福草,祥瑞，朱草，生于庙中。,"《开元占经》
《禮斗威儀》曰：「君乘木而王，福草生於廟中。」《瑞應圖》曰：「福草者，宗廟齋敬，則生宗廟中。」

《宋书》
福草者，宗庙肃，则生宗庙之中。",,无原图,9.0,9.0,0.0,0.0,0.0,0.0,0.0,9.0
异蒿,叶中生有小鼠，像皂荚子一样，发出啾啾声。生于蔡州，形状像蒿，茎像手指一样大，顶端聚着叶子，像鹪鹩的巢。,"《酉阳杂俎》
异蒿，田在实，布之子也。大和中，尝过蔡州北。路侧有草如蒿，茎大如指，其端聚叶，似鹪鹩巢在颠。折视之，叶中有小鼠数十，才若皂荚子，目犹未开，啾啾有声。",,无原图,0.0,0.0,0.0,7.0,0.0,0.0,0.0,0.0
大茗,喝了长出羽翼。丹丘茗，产于天台山丹丘。,"《太平御览》
《天台山记》云:“丹丘出大茗,服之生羽翼。

《太平御览》
王浮《神异记》曰：馀姚人虞洪入山采茗，遇一道士牵三青牛，引洪至瀑布山，曰：""吾，丹丘子也。闻子善具饭，常思见惠。山中有大茗，可以相给，祈子他日有瓯蚁之馀，不相遗也。""因立奠祀。后令家人入山，获大茗焉。",,无原图,0.0,0.0,3.0,10.0,0.0,0.0,0.0,6.0
筼筜竹,竹节中有人，长一尺左右，头、脚都有。,"《异苑》
建安有筼筜竹，节中有人，長尺許，头足皆具。",,无原图,0.0,0.0,6.0,9.0,0.0,0.0,0.0,0.0
平露,祥瑞，显示国运：国中安稳祥和就平稳，如果不平稳一边就会倾斜。长得像盖，根像丝。,"《稽瑞》
《白虎通》曰：「平露，树名也。」
孙氏《瑞应图》曰：「状如车盖，生于庭，以候四方之正。其国正平则正，一方不正则不应，一方稍倾也。其根若丝。一名『平虑』，王者慈仁则生。」

《宋书》
平露,如盖,以察四方之政。",,无原图,8.0,9.0,5.0,0.0,0.0,0.0,0.0,9.0
蓬蔓精,蓬蔓成精，变成人把别人的衣服脱下自己穿上。,"《宣室志》
灵石县南，尝夜中有妖怪，由是里中人无敢夜经其地者。元和年，董叔经为河西守，时有彭城刘皂，假孝义尉。皂顷尝以书忏董叔，怒甚，遂弃职。入汾水关，夜至灵石南，逢一人立于路旁，其状绝异。皂马惊而坠，久之乃起。其路旁立者即解皂衣袍而自衣之。皂以为劫，不敢拒。既而西走，近十馀里，至逆旅，因言其事。逆旅人曰：「邑南夜中有妖怪，固非贼尔。」明日，有自县南来者，谓皂曰：「县南野中有蓬蔓，状类人，披一青袍，不亦异乎？」皂往视之，果己之袍也。里中人始悟为妖者乃蓬蔓尔。由是尽焚，其妖遂绝。",,无原图,0.0,0.0,0.0,0.0,0.0,3.0,6.0,0.0
人面豆,不详。豆类面上长着人脸，男女老少，愁云惨淡，意味着不祥，昭示多有刀兵之灾。多生于江南或西南。,"《埋忧集》
《异识资暇》：金陵有丞相府，胡惟庸所居。园有五谷树，一树而兼五谷丰歉之徵：如其年麦熟，则树发麦叶。黍熟则发黍叶，五谷皆然。闻惟庸造逆，树发豆，豆皆人面，忽尽落，未几族灭。树若得气之先也。馀去岁在禾中，友人尝以数百粒见示，云是漕卒自河南带来者。眼鼻皆具，醋肖人面，但无须眉耳。不知主何祥也？
又按：《道场行者野语》言人面豆产滇南。一苞数粒，宛然人面。小儿服之，可免出痘；临出服之，危者可安。彼地亦珍之，不可多得。有觅得者，其形大如扁豆，色白。
江浙间曩有豆作人面状，说部家以为兵戈预兆，意与此豆亦同，特少见多怪耳。此说则非。盖彼处自有此一种豆，若江浙所产及馀所见，皆偶于黄豆中觅得，非常有之物。且黄豆岂有大如扁豆者乎？

《醉茶志怪》
上谷某家，蓄黄豆数囤，忽变为人面形，老少男女不一，其状率皆愁惨，颔下有朱痕如血。又邑城外米铺亦有之。
保阳老农，种瓜为业，有甜瓜数亩，手自灌溉。瓜熟摘视，形如人面，口眼耳鼻备具，其容多惨而少舒。自以为不祥，弃诸水。是年，其一子一侄客山东，为盗所杀。
醉茶子曰：昔有人自南来，忘其何县，携有人面豆数十枚，视同奇珍。每出以示人，共相惊异。闻产豆之处，亦遭兵燹。大抵反常者为妖，此类是也，奚足为贵？

《点石斋画报》忠
撒豆成形
　　福建北門某巨，室向有阿紫為祟，一夕，漏深人靜，忽聞風雨驟至，揚沙走石之聲，驚魂動魄。主人開户岀視，則滿天星斗，零露方濃，燭視庭中又見有豆盈斗，諦視之，豆中盡現人面，形團圞如月，不啻富家翁日啖花猪肉者。躍之欲活，萬頭攢動，見者大怖，罔知所措，其殆蒲留仙所紀，嫦娥青鳯之變相耶？",,无原图,0.0,0.0,7.0,6.0,0.0,3.0,5.0,0.0
护门草,神户草，放在户门口，有人过门的时候，草就会怒骂他。生于常山。,"《夜航船》
护门草。出常山。取置户下，或有过其门者，草必叱之。一名“百灵草”。

《本草纲目》
神护草《别录》曰︰生常山北。八月采。可使独守，叱咄人，寇盗不敢入门。
时珍曰︰《物类志》谓之护门草，一名灵草。彼人以置门上，人衣过，草必叱之。 王筠诗云︰霜被守宫槐，风惊护门草。即此也。而不著其形状，惜哉。

《酉阳杂俎》
护门草，常山北。草名护门，置诸门上，夜有人（一曰物）过辄叱之。 

《格致镜原》
物𩔖志䕶门草岀常山取置戸下或有过其门者草必叱之一名神䕶草一名百灵草",,无原图,6.0,6.0,0.0,8.0,0.0,0.0,0.0,0.0
蕈怪,蘑菇成精，裸体小鬼，吃了会死。,"《稽神录》
豫章人好食蕈，有黄姑蕈者，尤为美味。有民家治舍，烹此蕈以食工人。工人有登厨屋施瓦者，下视无人，惟釜中煮物，以盆覆之，俄有一小鬼倮身绕釜而走，倏忽投于釜中。顷之，主人设蕈，工人独不食，亦不言其故，既暮，其食蕈者皆卒。",,无原图,0.0,0.0,10.0,3.0,0.0,0.0,0.0,0.0
孝草,极为孝顺的人死后变成的草，如山药，果实吃起来如同糯米香甜，吃一顿一天不饿。取之不竭。,"《北东园笔录》三编
姚舜宾，无锡人，忠诚笃实，乡里目为长者。家綦贫而孝，母年七十，训句读以养，极婉容愉色，不敢懈缺菽水。乾隆五十年，岁大饥，生徒既散，日不给嬗粥，焦劳拮据，未几病死。不能殡，瘗于屋后隙地。次日，见土上忽生一草，形似山药，结子累累，香甘而糯。妻采食之，终日不饥，遂以供姑。晨采午生，取之不竭。草长四五尺，母抚而哭，即伏地摇摇如拜。邑中播闻，观者如堵，皆嘉其孝，各出甘旨以赡其母焉。孝心所感，生死不回，此经所谓不匮也。",,无原图,6.0,6.0,0.0,0.0,0.0,0.0,0.0,7.0
神芝,"形状功效各不相同，主要为：乘云入水、延年益寿、不老不死、身轻有力。水芝：入水，通神明使百鬼。车马芝：乘云而行。地芝：一举千里，走越江海。月芝令人有毛二尺，延寿万岁。土芝，益寿八千。黑云芝，食之一年，能入火不燋，入水不渍。千秋芝，食之不老，老者不死。黄云芝，食之寿千岁，令人通见神明，乘云为车，风为马。白虎芝，食之令人有力。太一芝，令人不老，与天地相保。鸣鸟芝，令人身轻，与风俱行。赤龙芝，寿与天地无极。黑龙芝，令人能入水中。

*中国灵芝图鉴","《孙氏瑞应图》曰：芝草，常以六月生，春青，夏紫，秋白，冬黑。

《十洲记》曰：祖洲有养神丹芝，似菰苗，长三四尺。人死，以草覆之皆活。服之长生。秦始皇时，大疫，多有死者。有鸟如乌，衔此草以覆死人面，灯时皆活。始皇闻，以问北郭鬼谷先生，先生曰：“此不死草也，生琼田中。”又有锺山仙家，数十万耕田种芝草。

* 不死草？

《嵩高山记》曰：嵩高山上有神芝。人芝者，状似小儿。地芝者，辟方一尺，如黄金色，覆以五色云，有神龙守之。食者可以遐年。

崔豹《古今注》曰：元和二年，芝生沛，如人冠状。又如章武，如人抱三子状。成帝建初五年，芝生颍川。常以六月中生一叶，春青，夏紫，秋白，冬黑，十月复黄。气出上尺五寸。

《慱物志》曰：名山生神芝，不死之草。上芝为车马形，中芝为人形，下芝为六畜形。",,无原图,7.0,9.0,0.0,5.0,0.0,0.0,0.0,10.0
白头公,大树被砍后流出赤色汁液，出现白头公，四五尺左右，奔向砍树人。,"《搜神记》
魏，桂阳太守江夏张辽，字叔高，去鄢陵，家居，买田，田中有大树，十余围，枝叶扶疏，盖地数亩，不生谷。遣客伐之。斧数下，有赤汁六七斗出，客惊怖，归白叔高。叔高大怒曰：“树老汁赤，如何得怪？”因自严行复斫之。血大流洒。叔高使先斫其枝，上有一空处，见白头公，可长四五尺，突出，往赴叔高。高以刀逆格之，如此，凡杀四五头，并死。左右皆惊怖伏地。叔高神虑怡然如旧。徐熟视，非人，非兽。遂伐其木。此所谓木石之怪夔魍魉者乎？是岁应司空辟侍御史兖州刺史以二千石之尊，过乡里，荐祝祖考，白日绣衣荣羡，竟无他怪。！",,无原图,0.0,0.0,4.0,6.0,0.0,7.0,7.0,0.0
李怪,李树生神怪，一老头出现在树顶，穿着绛袍纱帽须，白须白发，望着月亮。因被惹怒而作祟，有时让人染疾，有时衣物碎裂。,"《点石斋画报》
李怪 草木之妖类能为厉，从来有如天津李怪之甚者，闻该处某姓富甲天下，建有大花园一所，其中有李树一株，大可数围，高逾百尺，数百年物也，去秋忽有一叟，绛袍纱帽须发苍然，高主树巅，临风望月，家奴不知其为神也，拾石掷之，神怒，日夜作祟，或以疾病相侵，或则衣物自碎，扰扰纷纷，迄无宝晷，主人患之，焚香顶礼，曾不稍戢，乃邀僧道禳解，并延法师驱除讵，此怪神通广大，势焰薰天，终不畏惧，且自此更添一小怪猴形人体，常坐树上，时隐时见，凭高掷石，见者神摇，虽众目聚观，亦不稍却，一若相助为虐也者。而某姓家资因此折耗已不堪偻指，计何物妖魔猖狂若此，安得伏魔大帝早为国家除此巨孽也。",,无原图,0.0,0.0,6.0,8.0,0.0,0.0,0.0,0.0
虞美人草,舞草，听到歌声会跟着节拍摇动。罂粟，明代小说附会为虞姬死后化成的花。,"《格致镜原》
酉阳杂爼，舞草岀雅州，独茎三叶，叶如决明，一叶在茎端，两叶居茎之半，相对。人或近之则欹抵掌，讴曲则揺动如舞。　益州草木记，雅州岀虞美人草，唱虞美人曲则应拍而舞。　贾氏谈录，虞美人草，状如鸡冠，花叶相对。

《酉阳杂俎》
舞草，出雅州。獨莖三葉，葉如決明。一葉在莖端，兩葉居莖之半相對。人或近之歌及抵掌謳曲，必動葉如舞也。

《情史》
項王泣數行下，謂姬曰：「善事漢王！」姬曰：「妾聞忠臣不二君，貞婦不二夫。請先君死。」項王拔劍，背而授之，姬遂自刎。姬死處，生草能舞，人呼為「虞美人草」。",,无原图,4.0,0.0,0.0,3.0,2.0,0.0,0.0,0.0
返魂香,树根提炼的药丸，香飘百里，死人复活。,"《海内十洲记》
洲上有大山，形似人鳥之象，因名之為神鳥山。山多大樹，與楓木相類，而花葉香聞数百里，名為反魂樹。扣其樹，亦能自作声，声如群牛吼，聞之者，皆心震神駭。伐其木根心，於玉釜中煮，取汁，更微火煎，如黑餳狀，令可丸之。名曰驚精香，或名之為震靈丸，或名之為反生香，或名之為震檀香，或名之為人鳥精，或名之為卻死香。一種六名，斯靈物也。香氣聞数百里，死者在地，聞香氣乃卻活，不復亡也。以香薰死人，更加神驗。

《奇闻类记》
太倉劉家河天妃宮，永樂初建，以僧守奉香火。一日，僧自外歸，見廚下鍋中湯沸，揭而視之，見二卵煮將熟。詢於僕，言行童於鸛巢中取者。僧命還之巢中。僕曰：「卵已熟矣，還之無生理。」僧曰：「吾豈望其生，但免其鸛之悲嗚而已。」後數日，忽出二雛，僧異之，令僕探其巢，見一木尺許，五彩錯雜成錦紋，香風馥鬱，持以與僧，供之佛前。後有倭入貢，因風打舟，至劉家河收港。泊舟登岸，入寺拈香，見佛前所供之木，問僧買之。僧紿之曰：「此香是三寶太監舍供天妃宮者，豈敢賣錢？有能蓋造後殿觀音閣者，則與之。」倭曰：「我是入貢之人，安可留以待閣成，但願酬之以價。」因與白金五百兩。僧得厚利，遂與之。去後數年，倭人復來入貢，訪前老僧，已故矣。因留金作享。其從詢所取之香何物也，倭曰：「此仙香也，焚之，死人之魂復返聚。」窟洲所出返魂香是也。（《客座新聞》）",,无原图,4.0,10.0,0.0,7.0,0.0,0.0,0.0,10.0
詹草/瑶草/䔄草,炎帝女儿死后变成的草，吃了人会讨人喜欢。,"《山海经》中山经
又东二百里，曰姑媱之山。帝女死焉，其名曰女尸，化为䔄草，其叶胥成。其华黄，其实如菟丘，服之媚于人。

《博物志》
右詹山，帝女化为詹草，其叶郁茂，其雩黄，实如豆，服者媚于人。",,无原图,4.0,6.0,0.0,0.0,0.0,0.0,0.0,8.0
青竹骷髅,形态是一个穿着孝服、三尺高的矮小女人，布包着头，话语支离破碎，一个三尺长的小青竹，挂着一个破骷髅。,"《乾鐉子》
陇西李僖伯，元和九年任温县。常为予说，元和初，调选时，上都兴道里假居。早往崇仁里访同选人，忽於兴道东门北下曲，马前见一短女人，服孝衣，约三尺已来，言语声音，若大妇人，咄咄似有所尤。即云：“千忍万忍，终须决一场。我终不放伊！”弹指数下云：“大奇大奇。”僖伯鼓动后出，心思异之，亦不敢问。日旰，及广衢，车马已闹，此妇女为行路所怪，不知其由。如此两日，稍稍人多，只在崇仁北街。居无何，僖伯自省门东出，及景风门，见广衢中，人闹已万万，如东西隅之戏场。大围之。其间无数小儿环坐，短女人往（“往”原作“准”，据明抄本改。）前，布幂其首，言词转无次第，群小儿大共嗤笑。有人欲近之，则来拿攫，小儿又退。如是日中，看者转众。短女人方坐，有一小儿突前，牵其幂首布，遂落。见三尺小青竹，挂一髑髅髐然。金吾以其事上闻。",,有原图,0.0,0.0,3.0,7.0,0.0,0.0,0.0,0.0
月桂,月中的桂树，高五百丈，吴刚被罚在此砍树。,"《安天论》
俗传月中仙人桂树,今视其初生,见仙人之足,渐已成形,桂树后生。

《酉阳杂俎》
月桂高五百丈，有一人常伐之，树创随合。其人姓吴名刚，西河人，学仙有过，谪令伐桂。桂下有玉兔杵药。",,无原图,2.0,0.0,0.0,0.0,0.0,0.0,0.0,0.0
承云府君,实体为一棵大树，使人身强体壮。,"《幽明录》
京兆董奇，庭前有大树，阴映甚佳。后霖雨，奇独在家乡，有小吏言云：「承云府君来。」乃见承云，著通天冠，长八尺，自称为方伯，「某第三子有隽才，方当与君周旋。」明日，觉树下有异，每晡后无人，辄有一少年，就奇语戏，或命取饮食。如是半年，奇气强壮，一门无疾。奇后适下墅，其仆客三人送护，言：「树材可用，欲货之，郎常不听，今试共斩斫之。」奇遂许之。神亦自尔绝矣。",,无原图,3.0,0.0,0.0,0.0,0.0,0.0,0.0,6.0
七尺之枣三尺之梨,吃了会变成地仙,"《述异记》
北方有七尺之棗，南方有三尺之梨，凡人不得見，或見而食之，即為地仙。

《坚瓠集》
吐谷浑有大如石瓮之桃。北荒有七寸之枣。南荒有三尺之梨。东方有三尺之椹。木兰皮国有五尺之瓜。三寸之麦。暹罗稻粒盈寸。屯罗岛之麻实如莲的。皆中国所无。",,无原图,0.0,0.0,0.0,6.0,0.0,0.0,0.0,3.0
化蛇橘,吃后眼睛通红、全身发肿、双臂双腿脱落变成巨蛇,"《三冈识略》
粤西太平府，距城十馀里，有大橘树，荫一二亩，蛇虺蛰其下。每霜后红实垂垂，多至数十石，人相戒不食。缙云一明经，宦游过其地，摘啖之。既而就邸，邸主人见其目赤，大骇曰：「君得无啖橘耶？勿累我！」急驱之出。少顷，遍体发肿，仆地自跃，跃不已，先脱两臂，又脱两股，化为巨蛇，入橘林而去。",,无原图,0.0,0.0,8.0,6.0,0.0,9.0,6.0,0.0
穷那底布,树鬼，使人生病，流传于云南贡山怒族。,《中国鬼文化大辞典》,,无原图,0.0,0.0,7.0,0.0,0.0,3.0,5.0,0.0
青草鬼,如果走路冲撞到草丛中的青草鬼，它就会使人生病，流传于湖南西部土家族。,《中国鬼文化大辞典》,,无原图,0.0,0.0,6.0,6.0,0.0,2.0,0.0,0.0
夜明苔/蔓金苔,投入水中会发出太阳一般的光芒，可用于照明。,"《拾遗记》
祖梁国献蔓金苔，色如黃金，若螢火之聚。大如鷄卵，投於水中，蔓延於波瀾之上，光出照日，皆如火生水上也。乃於宮中穿池，廣百步，時覌此苔，以樂宮人。宮人有幸者，以金苔賜之，置漆盤中，照耀滿室，名曰「夜明苔」；著衣襟則如火光。帝慮外人得之，有惑百姓，詔使除苔塞池。及皇家喪乱，犹有此物，皆入胡中。",,有原图,4.0,6.0,0.0,6.0,0.0,0.0,0.0,7.0
神农窟异藤,花形像菱菜，早上紫色，中午绿色，下午黄色，日落青色，夜晚红色。五色更替得闪耀。,"《异苑》
永阳县有山，壁立千仞，岩上有石室，路右名为神农窟，窟前百药，丛茂，莫不毕备，又别有异藤，花形似菱菜，朝紫，中绿，晡黄，暮青，夜赤，五色迭耀。",,无原图,3.0,0.0,0.0,7.0,0.0,0.0,0.0,0.0
嘉禾,昭示国运和王的德行。,"《开元占经》
《春秋感精符》曰：「德淪於地，則嘉禾生。」《春秋運斗樞》曰：「璿星得則嘉禾液。」《宋书》嘉禾，五谷之长，王者德盛，则二苗共秀。于周德，三苗共穗；于商德，同本异穟；于夏德，异本同秀。",,有原图,9.0,9.0,0.0,0.0,0.0,0.0,0.0,10.0
舞草,会随着人的动作跳舞。,《酉阳杂俎》舞草出雅州。独茎三叶。叶如决明。一叶在茎端；两叶居茎半。相对。人或近之则欹；抵掌讴曲，则摇动如舞矣。,,有原图,10.0,5.0,0.0,5.0,0.0,0.0,0.0,8.0
蹑空草/掌中芥,人吃了可以立在空中。,《镜花缘》此是躡空草，又名掌中芥，取子放在掌中，一吹長一尺，再吹又長一尺，至三尺止。人若吃了，能立空中，所以叫作躡空草。,,有原图,7.0,0.0,0.0,8.0,0.0,0.0,0.0,7.0
护门草,长在家门前。晚上如果有人路过就会骂路人。,《酉阳杂俎》常山北有草，名护门。置诸门上，夜有人过，辄叱之。,,有原图,7.0,10.0,3.0,8.0,0.0,0.0,5.0,0.0
三七,会化作仙女救人。,仙子为报救命之恩，便对卡相说：“后山坡有一种草药，叶像我的长裙，枝似我的腰带，可以治疗阿妈的病。”卡相按其指点，果真找到了这种草药，老妈吃了几次，病真的好了。后来卡相又用这种草药治好了不少乡亲们的疾病。,,有原图,7.0,7.0,0.0,0.0,0.0,0.0,0.0,8.0
扶桑树,通天神树，连通三界之门，太阳晚睡之所。每日有一三足鸟载着一个太阳在空中运行。,《云笈七签》扶桑在东海之东岸一万里，复得碧海。海广狭浩汗，与合东海等大，碧水既不咸苦，正作碧色，甘香味美。扶桑在碧海之中，地方万里。上有太上帝太真王父所治处。地多林木，叶皆如桑，又有椹子。树长者数千丈，径三千馀围。树两两同根偶生，更相依倚，是以名扶桑。仙人食其椹而一体皆作金色，飞翔玄虚。其树虽大，其叶及椹如中夏桑也。但椹希而赤，九千岁一生实耳，味绝甘香。地生紫金丸玉，如诸夏之瓦石。真仙官变化万端，盖无形，有分形为百身十丈者。,,有原图,0.0,7.0,3.0,0.0,0.0,0.0,0.0,5.0
鬼草,人吃了这种草后，就不会再生烦恼忧愁，但是无休止地服用会使人疯癫,《山海经》又北三十里，曰牛首之山。有草焉，名曰鬼草，其叶如葵而赤茎，其秀如禾，服之不忧。,,有原图,7.0,0.0,4.0,0.0,0.0,0.0,0.0,7.0
萤火芝,吃了可以心中七窍皆洞明，但是使用后会疼痛难忍,"《酉阳杂俎》良常山有萤火芝，其叶似草，实大如豆，紫花，夜视有光。食一枚，心中一孔明。食至七，心七窍洞彻，可以夜书。
《太平御览》良常山有萤火芝，其实似草，其在地如萤状，大如豆，如紫华，夜视有光。得食之者心明可夜书，计得食四十七枚者寿。

",,有原图,4.0,0.0,0.0,0.0,0.0,0.0,0.0,7.0
帝女桑,赤帝女儿居此桑而升天。,《太平御览》南方赤帝女學道得仙，居南陽崿山 桑樹上，正月一日銜柴作巢，至十五日成，或作白鵲，或女人。 赤帝見之悲慟，誘之不得，以火焚之，女即升天，因名帝女桑。,,无原图,7.0,0.0,0.0,4.0,7.0,0.0,0.0,4.0
楚/荆,刑具或教具,黄荆条下出好人,,无原图,0.0,0.0,8.0,0.0,6.0,10.0,10.0,0.0
观音莲池荷花,是神仙的守护者。,《西游记》他本是我莲花池里养大的金鱼。每日浮头听经，修成手段。那一柄九瓣铜锤乃是一根未开的菡萏，被他运炼成兵。,,有原图,6.0,10.0,0.0,0.0,0.0,0.0,0.0,0.0
金灯花,石蒜。彼岸花，轮回的象征，开在忘川彼岸。,《酉阳杂俎》金灯，一日九形。 花叶不相见，俗恶人家种之，一名无义草。,,有原图,4.0,0.0,8.0,0.0,10.0,6.0,0.0,8.0
南海睡莲,无根莲，枯萎后不会死亡，而是钻入水中等待重生。,《酉阳杂俎》南海有睡莲，夜则花低入水。屯田韦郎中从事南海，亲见。,,有原图,0.0,0.0,0.0,0.0,4.0,0.0,0.0,8.0
都夷香,吃一颗果实，几个月都不会结。生命力顽强但寿命短暂。,《汉武帝别国洞冥记》都夷香如枣核，食一片，则历月不饥。以粒如粟米许投水中，俄而满大盂也。,,有原图,6.0,6.0,0.0,3.0,0.0,0.0,0.0,3.0
萆荔,可以治疗心痛,《山海经》又西八十里，曰小华之山……其草有萆荔，状如乌韭，而生于石上，亦缘木而生，食之已心痛。,,有原图,3.0,6.0,0.0,0.0,0.0,0.0,0.0,7.0
薰草,可以治疗麻风病,《山海经》又西百二十里，曰浮山，多盼木，枳叶而无伤，木虫居之。有草焉，名曰薰草，麻叶而方茎，赤华而黑实，臭如蘼芜，佩之可以已疠。,,有原图,3.0,6.0,0.0,0.0,0.0,0.0,0.0,9.0
无条,可以用来毒死老鼠,《山海经》西南三百八十里，曰皋涂之山……有草焉，其状如藁茇，其叶如葵而赤背，名曰无条，可以毒鼠。,,有原图,0.0,4.0,2.0,0.0,0.0,4.0,0.0,5.0
箨,好吃的。可以治疗眼花。,《山海经》中山薄山之首，日甘枣之山，共水出焉，而西流注于河。其上多杻木，其下有草焉，葵本而杏叶，黄华而荚实，名曰箨，可以已瞢。,,有原图,7.0,0.0,0.0,0.0,0.0,0.0,0.0,4.0
植楮,采摘中如果不小心划伤皮肤，会有轻微的麻痹感。可以治疗抑郁症和梦魇症，还可以驱鬼辟邪保平安。,《山海经》又东七十里，日脱扈之山，有草焉，其状如葵叶而赤华，荚实，实如棕荚，名曰植楮，可以已癙，食之不睬。,,有原图,5.0,5.0,0.0,0.0,0.0,0.0,0.0,7.0
荣草,可以治疗风邪，很难采摘。,《山海经》又东北四百里，曰鼓镫之山，多赤铜。有草焉，名曰荣草，其叶如柳，其本如鸡卵，食之已风。,,有原图,3.0,5.0,4.0,0.0,0.0,0.0,0.0,7.0
胡蔓草,一旦开始生长就会逐渐霸占整片土地，极难清理。误食后如没有及时解毒，几日后误食者就会死亡。如果对胡蔓草说一些它们认为不舒服的话，或者用东西打它，它们产生的毒素就会无药可解。,《酉阳杂俎》胡蔓草，生邕、容间。丛生，花偏如栀子，稍大，不成朵，色黄白，叶稍黑。误食之，数日卒。饮白鹅、白鸭血则解。或以一物投之，祝曰：“我买你。”食之立死。,,有原图,0.0,0.0,10.0,0.0,6.0,8.0,7.0,0.0
